{"count":1,"self":5655.32672,"total":6028.3626944,"children":{"InitializeActuators":{"count":1,"self":0.0019944999999999997,"total":0.0019944999999999997,"children":null},"InitializeSensors":{"count":1,"self":0.0029904,"total":0.0029904,"children":null},"AgentSendState":{"count":170213,"self":7.6577551999999995,"total":9.4068968,"children":{"CollectObservations":{"count":34141,"self":0.21034509999999998,"total":0.21034509999999998,"children":null},"WriteActionMask":{"count":34141,"self":0.0447423,"total":0.0447423,"children":null},"RequestDecision":{"count":34141,"self":0.25275749999999997,"total":1.4940544999999998,"children":{"AgentInfo.ToProto":{"count":34141,"self":0.22768229999999998,"total":1.2412969999999999,"children":{"GenerateSensorData":{"count":34141,"self":0.79894599999999993,"total":1.0136147,"children":{"RayPerceptionSensor.Perceive":{"count":34141,"self":0.2146687,"total":0.2146687,"children":null}}}}}}}}},"DecideAction":{"count":170213,"self":362.9328384,"total":362.9328389,"children":null},"AgentAct":{"count":170213,"self":0.6706063,"total":0.6775903,"children":{"AgentInfo.ToProto":{"count":170,"self":0.0009991,"total":0.006984,"children":{"GenerateSensorData":{"count":170,"self":0.002992,"total":0.0059849,"children":{"RayPerceptionSensor.Perceive":{"count":170,"self":0.0029928999999999997,"total":0.0029928999999999997,"children":null}}}}}}}},"gauges":{"DQN_Behavior.CumulativeReward":{"count":170,"max":-6.01004,"min":-545.0123,"runningAverage":-76.13653,"value":-13.0101681,"weightedAverage":-16.40246}},"metadata":{"timer_format_version":"0.1.0","start_time_seconds":"1672035001","unity_version":"2021.3.10f1","command_line_arguments":"C:\\Program Files\\Unity\\Hub\\Editor\\2021.3.10f1\\Editor\\Unity.exe -projectpath C:\\Users\\Dan\\Documents\\GitHub\\SimCaRS_Project -useHub -hubIPC -cloudEnvironment production -licensingIpc LicenseClient-Dan -hubSessionId f4504b40-84c5-11ed-ae1a-c377a6adb02a -accessToken W7LSVi4_4N0yWiKQgpkd750ggk5U9q7ur1aH3JUJraE001f","communication_protocol_version":"1.5.0","com.unity.ml-agents_version":"2.0.1","scene_name":"Urban Road","end_time_seconds":"1672041020"}}